"2018-04-24T09:45:28.049-05:00","15773","1","127","0","[0.747306,0,0,0,0,0,0,0,0,0,0,0,0,0,0,0,0,0,0,0,0,0,0.364964,0.364964,0,0,0,0,0,0,0,0.729927,9.12409,19.708,12.4088,1.82482,0,0,0,0,0,0.364964,4.37956,4.37956,0.364964,0,0,0,0,0,0,0,0,0,0,0,0,0,0,0,0,0,0,0,0,0,0,0,0,0,0,0,0,0,0,0,0,0,0,0,4.37956,10.9489,0,0,3.28467,4.37956,0,0,0,0,0,1.09489,0,0,0,0,0,0,0,0,0,0,0,0,0,0,0,0,0,0,0,0,0,0,2.55474,4.74453,6.20438,1.45985,0.364964,0.729927,0,0,0,0,0,0,0]","[0.396825,15.3846,7.69231,0,0,0,0,0,0,0,0,0,0,0,0,0,0,0,0,0,0,0,0,0,0,0,0,0,0,0,0,0,0,0,0,0,0,0,0,0,0,0,0,0,0,0,0,0,0,0,0,0,0,0,0,0,0,0,0,0,0,0,0,0,0,0,0,0,0,0,0,0,0,0,0,0,0,0,0,0,0,0,0,0,0,0,0,0,0,0,0,0,0,0,0,0,0,0,0,0,0,0,0,0,0,0,0,0,0,0,0,0,0,0,0,3.84615,15.3846,7.69231,0,0,0,0,0,0,0,0,0]","[]","[]","[]"
"2018-04-24T09:45:30.043-05:00","15807","1","127","0","[0.834202,0,0,0,0,0,0,0,0,0,0,0,0,0,0,0,0,0,0,0,0,0,0.729927,0,0,0,0,0,0,0,0,1.09489,11.3139,21.8978,13.8686,2.18978,0,0,0,0,0,0.364964,5.47445,5.47445,0.364964,0,0,0,0,0,0,0,0,0,0,0,0,0,0,0,0,0,0,0,0,0,0,0,0,0,0,0,0,0.364964,0,0,0,0,0,0,5.10949,12.0438,0,0,3.64964,5.83942,0,0,0,0,0,1.45985,0.729927,0,0,0,0,0,0,0,0,0,0,0,0,0,0,0,0,0,0,0,0,0,1.82482,4.0146,4.37956,2.18978,0,0.364964,0,0,0,0,0,0,0.364964]","[0.274725,0,0,0,0,0,0,0,0,0,0,0,0,0,0,0,0,0,0,0,0,0,0,0,0,0,0,0,0,0,0,0,0,0,0,0,0,0,0,0,0,0,0,0,0,0,0,0,0,0,0,0,0,0,0,0,0,0,0,0,0,0,0,0,0,0,0,0,0,0,0,0,0,0,0,0,0,0,0,0,0,0,0,0,0,0,0,0,0,0,0,0,0,0,0,0,0,0,0,0,0,0,0,0,0,0,0,0,0,0,0,0,0,0,0,19.2308,15.3846,0,0,0,0,0,0,0,0,0,0]","[]","[]","[]"
"2018-04-24T09:45:31.040-05:00","15824","1","127","0","[0.767582,0,0,0,0,0,0,0,0,0,0,0,0.364964,0,0,0,0,0,0,0,0,0,0.364964,0,0,0,0,0,0,0,0,0.729927,10.5839,20.073,14.2336,1.45985,0,0,0,0,0,0.364964,5.10949,5.47445,0.364964,0,0,0,0,0,0,0,0,0,0,0,0,0,0,0,0,0,0,0,0,0,0,0,0,0,0,0,0,0.364964,0,0,0,0,0,0,4.37956,11.6788,0,0,2.55474,3.28467,0,0,0,0,0,1.09489,0.364964,0,0,0,0,0,0,0,0,0,0,0,0,0,0,0,0,0,0,0,0,0,1.82482,4.0146,4.37956,2.18978,0.364964,0.729927,0,0,0,0,0,0,0.364964]","[0.3663,0,0,0,0,0,0,0,0,0,0,0,0,0,0,0,0,0,0,0,0,0,0,0,0,0,0,0,0,0,0,0,0,0,0,0,0,0,0,0,0,0,0,0,0,0,0,0,0,0,0,0,0,0,0,0,0,0,0,0,0,0,0,0,0,0,0,0,0,0,0,0,0,0,0,0,0,0,0,0,0,0,0,0,0,0,0,0,0,0,0,0,0,0,0,0,0,0,0,0,0,0,0,0,0,0,0,0,0,0,0,0,0,0,3.84615,19.2308,15.3846,7.69231,0,0,0,0,0,0,0,0,0]","[]","[]","[]"
"2018-04-24T09:45:32.037-05:00","15841","1","127","0","[0.625652,0,0,0,0,0,0,0,0,0,0,0,0.364964,0,0,0,0,0,0,0,0,0,0,0,0,0,0,0,0,0,0,0.729927,8.0292,19.708,12.7737,1.09489,0,0,0,0,0,0.364964,4.74453,4.37956,0,0,0,0,0,0,0,0,0,0,0,0,0,0,0,0,0,0,0,0,0,0,0,0,0,0,0,0,0,0,0,0,0,0,0,0,3.28467,6.93431,0,0,0.729927,0.729927,0,0,0,0,0,1.09489,0,0,0,0,0,0,0,0,0,0,0,0,0,0,0,0,0,0,0,0,0,0,1.82482,4.0146,4.0146,2.55474,0.364964,0.729927,0,0,0,0,0,0,0.364964]","[0.518926,0,0,0,0,7.69231,3.84615,0,0,0,0,0,0,0,0,0,0,0,0,0,0,0,0,0,0,0,0,0,0,0,0,0,0,0,0,0,0,0,0,0,0,0,0,0,0,0,0,0,0,0,0,0,0,0,0,0,0,0,0,0,0,0,0,0,0,0,0,0,0,0,0,0,0,0,0,0,0,0,0,0,0,0,0,0,0,0,0,0,0,0,0,0,0,0,0,0,0,0,0,0,0,0,0,0,0,0,0,0,0,0,0,0,0,0,0,23.0769,19.2308,11.5385,0,0,0,0,0,0,0,0,0]","[]","[]","[]"
"2018-04-24T09:45:33.034-05:00","15858","1","127","0","[0.553238,0,0,0,0,0,0,0,0,0,0,0,0.364964,0,0,0,0,0,0,0,0,0,0,0,0,0,0,0,0,0,0,0,7.66423,21.5328,12.4088,0.729927,0,0,0,0,0,0,4.0146,3.28467,0,0,0,0,0,0,0,0,0,0,0,0,0,0,0,0,0,0,0,0,0,0,0,0,0,0,0,0,0,0,0,0,0,0,0,0,1.45985,2.55474,0,0,0,0,0,0,0,0,0,0.729927,0,0,0,0,0,0,0,0,0,0,0,0,0,0,0,0,0,0,0,0,0,0,2.18978,4.0146,4.37956,2.91971,0.729927,0.729927,0,0,0,0,0,0,0]","[0.152625,0,0,0,0,0,0,0,0,0,0,0,0,0,0,0,0,0,0,0,0,0,0,0,0,0,0,0,0,0,0,0,0,0,0,0,0,0,0,0,0,0,0,0,0,0,0,0,0,0,0,0,0,0,0,0,0,0,0,0,0,0,0,0,0,0,0,0,0,0,0,0,0,0,0,0,0,0,0,0,0,0,0,0,0,0,0,0,0,0,0,0,0,0,0,0,0,0,0,0,0,0,0,0,0,0,0,0,0,0,0,0,0,0,0,3.84615,7.69231,7.69231,0,0,0,0,0,0,0,0,0]","[]","[]","[]"
"2018-04-24T09:45:34.030-05:00","15875","1","127","0","[0.538756,0,0,0,0,0,0,0,0,0,0,0,0,0,0,0,0,0,0,0,0,0,0,0,0,0,0,0,0,0,0,0,7.66423,21.8978,13.8686,0.729927,0,0,0,0,0,0,2.91971,2.18978,0,0,0,0,0,0,0,0,0,0,0,0,0,0,0,0,0,0,0,0,0,0,0,0,0,0,0,0,0,0,0,0,0,0,0,0,0,1.09489,0,0,0,0,0,0,0,0,0,0,0,0,0,0,0,0,0,0,0,0,0,0,0,0,0,0,0,0,0,0,0,0,2.55474,5.83942,5.83942,2.55474,0,0.729927,0,0,0,0,0,0,0]","[0.0915751,0,0,0,0,0,0,0,0,0,0,0,0,0,0,0,0,0,0,0,0,0,0,0,0,0,0,0,0,0,0,0,0,0,0,0,0,0,0,0,0,0,0,0,0,0,0,0,0,0,0,0,0,0,0,0,0,0,0,0,0,0,0,0,0,0,0,0,0,0,0,0,0,0,0,0,0,0,0,0,0,0,0,0,0,0,0,0,0,0,0,0,0,0,0,0,0,0,0,0,0,0,0,0,0,0,0,0,0,0,0,0,0,0,0,7.69231,3.84615,0,0,0,0,0,0,0,0,0,0]","[]","[]","[]"
"2018-04-24T09:45:35.028-05:00","15892","1","127","0","[0.521376,0,0,0,0,0,0,0,0,0,0,0,0,0,0,0,0,0,0,0,0,0,0,0,0,0,0,0,0,0,0,0,8.75912,20.073,12.7737,0.364964,0,0,0,0,0,0,2.18978,1.82482,0,0,0,0,0,0,0,0,0,0,0,0,0,0,0,0,0,0,0,0,0,0,0,0,0,0,0,0,0,0,0,0,0,0,0,0,0,1.82482,0,0,0,0,0,0,0,0,0,0,0,0,0,0,0,0,0,0,0,0,0,0,0,0,0,0,0,0,0,0,0,0,3.28467,5.83942,5.83942,2.55474,0,0.364964,0,0,0,0,0,0,0]","[0.335775,0,0,0,0,0,0,0,0,0,0,0,0,0,0,0,0,0,0,0,0,0,0,0,0,0,0,0,0,0,0,0,0,0,0,0,0,0,0,0,0,0,0,0,0,0,0,0,0,0,0,0,0,0,0,0,0,0,0,0,0,0,0,0,0,0,0,0,0,0,0,0,0,0,0,0,0,0,0,0,0,0,0,0,0,0,0,0,0,0,0,0,0,0,0,0,0,0,0,0,0,0,0,0,0,0,0,0,0,0,0,0,0,0,0,19.2308,19.2308,3.84615,0,0,0,0,0,0,0,0,0]","[]","[]","[]"
"2018-04-24T09:45:36.024-05:00","15909","1","127","0","[0.530066,0,0,0,0,0,0,0,0,0,0,0,0,0,0,0,0,0,0,0,0,0,0,0,0,0,0,0,0,0,0,0,8.39416,20.073,13.1387,0.729927,0,0,0,0,0,0,2.55474,2.91971,0,0,0,0,0,0,0,0,0,0,0,0,0,0,0,0,0,0,0,0,0,0,0,0,0,0,0,0,0,0,0,0,0,0,0,0,0,1.09489,0,0,0.364964,0,0,0,0,0,0,0,0,0,0,0,0,0,0,0,0,0,0,0,0,0,0,0,0,0,0,0,0,0,2.91971,5.83942,5.47445,2.18978,0.729927,0.364964,0,0,0,0,0,0,0]","[0.457875,0,0,0,0,0,0,0,0,0,0,0,0,0,0,0,0,0,0,0,0,0,0,0,0,0,0,0,0,0,0,0,0,0,0,0,0,0,0,0,0,0,0,0,0,0,0,0,0,0,0,0,0,0,0,0,0,0,0,0,0,0,0,0,0,0,0,0,0,0,0,0,0,0,0,0,0,0,0,0,0,0,0,0,0,0,0,0,0,0,0,0,0,0,0,0,0,0,0,0,0,0,0,0,0,0,0,0,0,0,0,0,0,0,7.69231,19.2308,19.2308,11.5385,0,0,0,0,0,0,0,0,0]","[]","[]","[]"
"2018-04-24T09:45:37.021-05:00","15926","1","127","0","[0.506894,0,0,0,0,0,0,0,0,0,0,0,0,0,0,0,0,0,0,0,0,0,0,0,0,0,0,0,0,0,0,0,7.29927,20.438,10.9489,0.729927,0,0,0,0,0,0,1.45985,1.45985,0,0,0,0,0,0,0,0,0,0,0,0,0,0,0,0,0,0,0,0,0,0,0,0,0,0,0,0,0,0,0,0,0,0,0,0,0,0.729927,0,0,0.729927,0,0,0,0,0,0,0,0,0,0,0,0,0,0,0,0,0,0,0,0,0,0,0,0,0,0,0,0,0,3.28467,5.83942,5.83942,2.91971,1.82482,0.364964,0,0,0,0,0,0,0]","[0.3663,0,0,0,0,0,0,0,0,0,0,0,0,0,0,0,0,0,0,0,0,0,0,0,0,0,0,0,0,0,0,0,0,0,0,0,0,0,0,0,0,0,0,0,0,0,0,0,0,0,0,0,0,0,0,0,0,0,0,0,0,0,0,0,0,0,0,0,0,0,0,0,0,0,0,0,0,0,0,0,0,0,0,0,0,0,0,0,0,0,0,0,0,0,0,0,0,0,0,0,0,0,0,0,0,0,0,0,0,0,0,0,0,0,0,19.2308,19.2308,7.69231,0,0,0,0,0,0,0,0,0]","[]","[]","[]"
"2018-04-24T09:45:38.018-05:00","15943","1","127","0","[0.489515,0,0,0,0,0,0,0,0,0,0,0,0,0,0,0,0,0,0,0,0,0,0,0,0,0,0,0,0,0,0,0,5.10949,18.6131,8.75912,0.729927,0,0,0,0,0,0,2.18978,1.82482,0,0,0,0,0,0,0,0,0,0,0,0,0,0,0,0,0,0,0,0,0,0,0,0,0,0,0,0,0,0,0,0,0,0,0,0,0,0.364964,0,0,1.09489,0,0,0,0,0,0,0,0,0,0,0,0,0,0,0,0,0,0,0,0,0,0,0,0,0,0,0,0,0,3.28467,6.56934,5.47445,3.64964,1.82482,1.45985,0,0,0,0,0,0,0.729927]","[0.1221,0,0,0,0,0,0,0,0,0,0,0,0,0,0,0,0,0,0,0,0,0,0,0,0,0,0,0,0,0,0,0,0,0,0,0,0,0,0,0,0,0,0,0,0,0,0,0,0,0,0,0,0,0,0,0,0,0,0,0,0,0,0,0,0,0,0,0,0,0,0,0,0,0,0,0,0,0,0,0,0,0,0,0,0,0,0,0,0,0,0,0,0,0,0,0,0,0,0,0,0,0,0,0,0,0,0,0,0,0,0,0,0,0,0,7.69231,3.84615,3.84615,0,0,0,0,0,0,0,0,0]","[]","[]","[]"
"2018-04-24T09:45:39.015-05:00","15960","1","127","0","[0.419998,0,0,0,0,0,0,0,0,0,0,0,0,0,0,0,0,0,0,0,0,0,0,0,0,0,0,0,0,0,0,0,3.64964,11.6788,6.56934,0.729927,0,0,0,0,0,0,2.18978,1.82482,0,0,0,0,0,0,0,0,0,0,0,0,0,0,0,0,0,0,0,0,0,0,0,0,0,0,0,0,0,0,0,0,0,0,0,0,0,0,0,0,0,0,0,0,0,0,0,0,0,0,0,0,0,0,0,0,0,0,0,0,0,0,0,0,0,0,0,0,0,0.364964,3.64964,6.20438,5.47445,4.0146,2.55474,1.45985,0.364964,0.364964,0.364964,0,0,0,1.45985]","[0.2442,0,0,0,0,0,0,0,0,0,0,0,0,0,0,0,0,0,0,0,0,0,0,0,0,0,0,0,0,0,0,0,0,0,0,0,0,0,0,0,0,0,0,0,0,0,0,0,0,0,0,0,0,0,0,0,0,0,0,0,0,0,0,0,0,0,0,0,0,0,0,0,0,0,0,0,0,0,0,0,0,0,0,0,0,0,0,0,0,0,0,0,0,0,0,0,0,0,0,0,0,0,0,0,0,0,0,0,0,0,0,0,0,0,0,19.2308,11.5385,0,0,0,0,0,0,0,0,0,0]","[]","[]","[]"
"2018-04-24T09:45:40.011-05:00","15977","1","127","0","[0.350481,0,0,0,0,0,0,0,0,0,0,0,0,0,0,0,0,0,0,0,0,0,0,0,0,0,0,0,0,0,0,0,1.09489,6.56934,3.28467,0.729927,0,0,0,0,0,0,1.82482,1.45985,0,0,0,0,0,0,0,0,0,0,0,0,0,0,0,0,0,0,0,0,0,0,0,0,0,0,0,0,0,0,0,0,0,0,0,0,0,0,0,0,0,0,0,0,0,0,0,0,0,0,0,0,0,0,0,0,0,0,0,0,0,0,0,0,0,0,0,0,0,0.729927,4.0146,5.83942,5.83942,4.37956,3.28467,2.18978,0.364964,0.364964,0.364964,0,0,0.364964,1.45985]","[0.42735,0,0,0,0,0,0,0,0,0,0,0,0,0,0,0,0,0,0,0,0,0,0,0,0,0,0,0,0,0,0,0,0,0,0,0,0,0,0,0,0,0,0,0,0,0,0,0,0,0,0,0,0,0,0,0,0,0,0,0,0,0,0,0,0,0,0,0,0,0,0,0,0,0,0,0,0,0,0,0,0,0,0,0,0,0,0,0,0,0,0,0,0,0,0,0,0,0,0,0,0,0,0,0,0,0,0,0,0,0,0,0,0,0,11.5385,19.2308,15.3846,7.69231,0,0,0,0,0,0,0,0,0]","[]","[]","[]"
"2018-04-24T09:45:41.009-05:00","15994","1","127","0","[0.327309,0,0,0,0,0,0,0,0,0,0,0,0,0,0,0,0,0,0,0,0,0.364964,0,0,0,0,0,0,0,0,0,0,0,2.55474,1.45985,0.364964,0,0,0,0,0,0.364964,1.45985,1.45985,0,0,0,0,0,0,0,0,0,0,0,0,0,0,0,0,0,0,0,0,0,0,0,0,0,0,0,0,0,0,0,0,0,0,0,0,0,0,0,0,0,0,0,0,0,0,0,0,0,0,0,0,0,0,0,0,0,0,0,0,0,0,0,0,0,0,0,0,0,1.09489,4.37956,6.20438,5.10949,4.37956,4.0146,2.91971,0.729927,0.729927,0.729927,0,0,1.09489,1.82482]","[0.549451,0,0,0,0,0,0,0,0,0,0,0,0,0,0,0,0,0,0,0,0,0,0,0,0,0,0,0,0,0,0,0,0,0,0,0,0,0,0,0,0,0,3.84615,3.84615,0,0,0,0,0,0,0,0,0,0,0,0,0,0,0,0,0,0,0,0,0,0,0,0,0,0,0,0,0,0,0,0,0,0,0,0,0,0,0,0,0,0,0,0,0,0,0,0,0,0,0,0,0,0,0,0,0,0,0,0,0,0,0,0,0,0,0,0,0,0,7.69231,23.0769,19.2308,11.5385,0,0,0,0,0,0,0,0,0]","[]","[]","[]"
"2018-04-24T09:45:42.005-05:00","16011","1","127","0","[0.321515,0,0,0,0,0,0,0,0,0,0,0,0,0,0,0,0,0,0,0,0,0.364964,0,0,0,0,0,0,0,0,0,0,0,0.729927,1.45985,0,0,0,0,0,0,0.729927,1.45985,1.45985,0,0,0,0,0,0,0,0,0,0,0,0,0,0,0,0,0,0,0,0,0,0,0,0,0,0,0,0,0,0,0,0,0,0,0,0,0,0,0,0,0,0,0,0,0,0,0,0,0,0,0,0,0,0,0,0,0,0,0,0,0,0,0,0,0,0,0,0,0,1.09489,4.37956,5.83942,4.74453,4.37956,4.0146,3.64964,1.09489,0.729927,1.09489,0,0,1.09489,2.18978]","[0.763126,0,0,0,0,0,0,0,0,0,0,0,0,0,0,0,0,7.69231,11.5385,15.3846,3.84615,0,0,0,0,0,0,0,0,0,0,0,0,3.84615,0,0,0,0,0,0,0,0,0,0,0,0,0,0,0,0,0,0,0,0,0,0,0,0,0,0,0,0,0,0,0,0,0,0,0,0,0,0,0,0,0,0,0,0,0,0,0,0,0,0,0,0,0,0,0,0,0,0,0,0,0,0,0,0,0,0,0,0,0,0,0,0,0,0,0,0,0,0,0,0,0,23.0769,19.2308,11.5385,0,0,0,0,0,0,0,0,0]","[]","[]","[]"
"2018-04-24T09:45:43.002-05:00","16028","1","127","0","[0.312826,0,0,0,0,0.364964,0.729927,0,0,0,0,0,0,0,0,0,0,0,0,0,0,0.364964,0,0,0,0,0,0,0,0,0,0,0,0,1.09489,0,0,0,0,0,0,1.09489,1.45985,1.45985,0.364964,0,0,0,0,0,0,0,0,0,0,0,0,0,0,0,0,0,0,0,0,0,0,0,0,0,0,0,0,0,0,0,0,0,0,0,0,0,0,0,0,0,0,0,0,0,0,0,0,0,0,0,0,0,0,0,0,0,0,0,0,0,0,0,0,0,0,0,0,1.09489,3.64964,5.47445,4.37956,3.64964,3.64964,3.28467,1.09489,1.09489,1.09489,0,0,1.45985,2.55474]","[0.152625,0,0,0,0,3.84615,3.84615,0,0,0,0,0,0,0,0,0,0,0,0,0,0,0,0,0,0,0,0,0,0,0,0,0,0,0,0,0,0,0,0,0,0,0,0,0,0,0,0,0,0,0,0,0,0,0,0,0,0,0,0,0,0,0,0,0,0,0,0,0,0,0,0,0,0,0,0,0,0,0,0,0,0,0,0,0,0,0,0,0,0,0,0,0,0,0,0,0,0,0,0,0,0,0,0,0,0,0,0,0,0,0,0,0,0,0,0,3.84615,3.84615,3.84615,0,0,0,0,0,0,0,0,0]","[]","[]","[]"
"2018-04-24T09:45:43.999-05:00","16045","1","127","0","[0.330205,0,0,0,0,1.09489,0.364964,0,0,0,0,0,0,0,0,0,0,0,0,0,0,0.364964,0,0,0,0,0,0,0,0,0,0,0,0.364964,1.09489,0,0,0,0,0,0,1.09489,2.18978,1.82482,0.364964,0,0,0,0,0,0,0,0,0,0,0,0,0,0,0,0,0,0,0,0,0,0,0,0,0,0,0,0,0,0,0,0,0,0,0,0,0,0,0,0,0,0,0,0,0,0,0,0,0,0,0,0,0,0,0,0,0,0,0,0,0,0,0,0,0,0,0,0,1.45985,3.64964,5.10949,4.74453,4.0146,3.28467,3.28467,1.09489,1.45985,1.45985,0,0,1.09489,2.18978]","[0.30525,0,0,0,0,0,3.84615,0,0,0,0,0,0,0,0,0,0,0,0,0,0,0,0,0,0,0,0,0,0,0,0,0,0,0,0,0,0,0,0,0,0,0,3.84615,3.84615,3.84615,0,0,0,0,0,0,0,0,0,0,0,0,0,0,0,0,0,0,0,0,0,0,0,0,0,0,0,0,0,0,0,0,0,0,0,0,0,0,0,0,0,0,0,0,0,0,0,0,0,0,0,0,0,0,0,0,0,0,0,0,0,0,0,0,0,0,0,0,0,0,19.2308,3.84615,0,0,0,0,0,0,0,0,0,0]","[]","[]","[]"
"2018-04-24T09:45:44.996-05:00","16062","1","127","0","[0.370757,0,0,0,0,1.45985,0,0,0,0,0,0,0,0,0,0,0,0,0,0,0,0.364964,0,0,0,0,0,0,0,0,0,0,0,1.82482,1.82482,0,0,0,0,0,0,1.09489,2.18978,2.18978,1.09489,0,0,0,0,0,0,0,0,0,0,0,0,0,0,0,0,0,0,0,0,0,0,0,0,0,0,0,0,0,0,0,0,0,0,0,0,0,0,0,0,0,0,0,0,0,0,0,0,0,0,0,0,0,0,0,0,0,0,0,0,0,0,0,0,0,0,0,0,1.45985,3.64964,5.47445,5.10949,4.37956,3.64964,3.28467,1.09489,1.45985,1.45985,0,0,1.09489,2.55474]","[0.396825,0,0,0,0,0,0,0,0,0,0,0,0,0,0,0,0,0,0,0,0,0,0,0,0,0,0,0,0,0,0,0,0,0,0,0,0,0,0,0,0,0,0,0,0,0,0,0,0,0,0,0,0,0,0,0,0,0,0,0,0,0,0,0,0,0,0,0,0,0,0,0,0,0,0,0,0,0,0,0,0,0,0,0,0,0,0,0,0,0,0,0,0,0,0,0,0,0,0,0,0,0,0,0,0,0,0,0,0,0,0,0,0,0,0,23.0769,19.2308,7.69231,0,0,0,0,0,0,0,0,0]","[]","[]","[]"
"2018-04-24T09:45:45.992-05:00","16079","1","127","0","[0.428687,0,0,0,0,1.82482,0,0,0,0,0,0,0,0,0,0,0,0,0,0,0.729927,0.729927,0,0,0,0,0,0,0,0,0,0,0,2.91971,2.55474,0,0,0,0,0,0,1.82482,3.64964,3.28467,1.45985,0,0,0,0,0,0,0,0,0,0,0,0,0,0,0,0,0,0,0,0,0,0,0,0,0,0,0,0,0,0,0,0,0,0,0,0,0,0,0,0,0,0,0,0,0,0,0,0,0,0,0,0,0,0,0,0,0,0,0,0,0,0,0,0,0,0,0,0,1.09489,3.64964,5.83942,5.47445,4.37956,3.64964,3.64964,1.09489,1.09489,1.09489,0,0,1.45985,2.55474]","[0.518926,0,0,0,0,0,0,0,0,0,0,0,0,0,0,0,0,0,0,0,0,0,0,0,0,0,0,0,0,0,0,0,0,0,0,0,0,0,0,0,0,0,3.84615,3.84615,0,0,0,0,0,0,0,0,0,0,0,0,0,0,0,0,0,0,0,0,0,0,0,0,0,0,0,0,0,0,0,0,0,0,0,0,0,0,0,0,0,0,0,0,0,0,0,0,0,0,0,0,0,0,0,0,0,0,0,0,0,0,0,0,0,0,0,0,0,0,3.84615,19.2308,19.2308,15.3846,0,0,0,0,0,0,0,0,0]","[]","[]","[]"
"2018-04-24T09:45:46.990-05:00","16096","1","127","0","[0.503997,0,0,0,0,2.91971,1.09489,0,0,0,0,0,0,0,0,0,0,0,0,0,0.729927,0.729927,0,0,0,0,0,0,0,0,0,0,1.09489,3.28467,2.91971,0,0,0,0,0,0,1.82482,5.47445,5.47445,2.55474,0,0,0,0,0,0,0,0,0,0,0,0,0,0,0,0,0,0,0,0,0,0,0,0,0,0,0,0,0,0,0,0,0,0,0,0,0,0,0,0,0,0,0,0,0,0,0,0,0,0,0,0,0,0,0,0,0,0,0,0,0,0,0,0,0,0,0,0,0.729927,4.37956,5.47445,5.83942,4.74453,3.64964,3.64964,1.09489,1.09489,1.09489,0,0,1.09489,2.55474]","[0.30525,0,0,0,0,0,0,0,0,0,0,0,0,0,0,0,0,0,0,0,0,0,0,0,0,0,0,0,0,0,0,0,0,0,0,0,0,0,0,0,0,0,0,0,0,0,0,0,0,0,0,0,0,0,0,0,0,0,0,0,0,0,0,0,0,0,0,0,0,0,0,0,0,0,0,0,0,0,0,0,0,0,0,0,0,0,0,0,0,0,0,0,0,0,0,0,0,0,0,0,0,0,0,0,0,0,0,0,0,0,0,0,0,0,0,11.5385,15.3846,11.5385,0,0,0,0,0,0,0,0,0]","[]","[]","[]"
"2018-04-24T09:45:47.986-05:00","16113","1","127","0","[0.501101,0,0,0,0,2.18978,1.45985,0,0,0,0,0,0,0,0,0,0,0,0,0,0.364964,0,0,0,0,0,0,0,0,0,0,0,1.09489,3.64964,3.28467,0,0,0,0,0,0,1.82482,5.47445,5.47445,3.64964,0,0,0,0,0,0,0,0,0,0,0,0,0,0,0,0,0,0,0,0,0,0,0,0,0,0,0,0,0,0,0,0,0,0,0,0,0,0,0,0,0,0,0,0,0,0,0,0,0,0,0,0,0,0,0,0,0,0,0,0,0,0,0,0,0,0,0,0,1.09489,4.37956,5.47445,5.83942,4.37956,3.64964,3.28467,1.09489,1.09489,1.09489,0,0,1.09489,2.18978]","[0.0915751,0,0,0,0,0,0,0,0,0,0,0,0,0,0,0,0,0,0,0,0,0,0,0,0,0,0,0,0,0,0,0,0,0,0,0,0,0,0,0,0,0,0,0,0,0,0,0,0,0,0,0,0,0,0,0,0,0,0,0,0,0,0,0,0,0,0,0,0,0,0,0,0,0,0,0,0,0,0,0,0,0,0,0,0,0,0,0,0,0,0,0,0,0,0,0,0,0,0,0,0,0,0,0,0,0,0,0,0,0,0,0,0,0,0,7.69231,3.84615,0,0,0,0,0,0,0,0,0,0]","[]","[]","[]"
"2018-04-24T09:45:48.983-05:00","16130","1","127","0","[0.512687,0,0,0,0,3.28467,2.18978,0,0,0,0,0,0,0,0,0,0,0,0,0,0,0,0,0,0,0,0,0,0,0,0,0,1.09489,3.28467,3.28467,0,0,0,0,0,0,2.55474,5.47445,5.83942,4.0146,0,0,0,0,0,0,0,0,0,0,0,0,0,0,0,0,0,0,0,0,0,0,0,0,0,0,0,0,0,0,0,0,0,0,0,0,0,0,0,0,0,0,0,0,0,0,0,0,0,0,0,0,0,0,0,0,0,0,0,0,0,0,0,0,0,0,0,0,1.09489,4.0146,5.47445,5.47445,4.37956,3.64964,2.91971,1.09489,1.09489,0.729927,0,0,1.09489,2.55474]","[0.30525,0,0,0,0,0,0,0,0,0,0,0,0,0,0,0,0,0,0,0,0,0,0,0,0,0,0,0,0,0,0,0,0,0,0,0,0,0,0,0,0,0,0,0,0,0,0,0,0,0,0,0,0,0,0,0,0,0,0,0,0,0,0,0,0,0,0,0,0,0,0,0,0,0,0,0,0,0,0,0,0,0,0,0,0,0,0,0,0,0,0,0,0,0,0,0,0,0,0,0,0,0,0,0,0,0,0,0,0,0,0,0,0,0,0,19.2308,15.3846,3.84615,0,0,0,0,0,0,0,0,0]","[]","[]","[]"
"2018-04-24T09:45:49.980-05:00","16147","1","127","0","[0.544549,0,0,0,0,4.0146,3.28467,0,0,0,0,0,0,0,0,0,0,0,0,0,0,0,0,0,0,0,0,0,0,0,0,0,1.45985,3.64964,3.64964,0,0,0,0,0,0,2.91971,6.20438,7.29927,4.0146,0,0,0,0,0,0,0,0,0,0,0,0,0,0,0,0,0,0,0,0,0,0,0,0,0,0,0,0,0,0,0,0,0,0,0,0,0,0,0,0,0,0,0,0,0,0,0,0,0,0,0,0,0,0,0,0,0,0,0,0,0,0,0,0,0,0,0,0,0.729927,3.64964,5.47445,5.47445,4.37956,3.28467,2.91971,0.729927,1.09489,0.729927,0,0,1.09489,2.55474]","[0.3663,0,0,0,0,0,0,0,0,0,0,0,0,0,0,0,0,0,0,0,0,0,0,0,0,0,0,0,0,0,0,0,0,0,0,0,0,0,0,0,0,0,0,0,0,0,0,0,0,0,0,0,0,0,0,0,0,0,0,0,0,0,0,0,0,0,0,0,0,0,0,0,0,0,0,0,0,0,0,0,0,0,0,0,0,0,0,0,0,0,0,0,0,0,0,0,0,0,0,0,0,0,0,0,0,0,0,0,0,0,0,0,0,0,0,23.0769,15.3846,7.69231,0,0,0,0,0,0,0,0,0]","[]","[]","[]"
"2018-04-24T09:45:50.977-05:00","16164","1","127","0","[0.535859,0,0,0,0,2.91971,2.91971,0,0,0,0,0,0,0,0,0,0,0,0,0,0,0,0,0,0,0,0,0,0,0,0,0,1.82482,3.64964,3.64964,0,0,0,0,0,0,2.91971,6.93431,7.29927,4.0146,0,0,0,0,0,0,0,0,0,0,0,0,0,0,0,0,0,0,0,0,0,0,0,0,0,0,0,0,0,0,0,0,0,0,0,0,0,0,0,0,0,0,0,0,0,0,0,0,0,0,0,0,0,0,0,0,0,0,0,0,0,0,0,0,0,0,0,0,0.729927,3.28467,5.47445,5.47445,4.0146,3.64964,2.55474,1.09489,1.09489,0.729927,0,0,1.09489,2.18978]","[0.42735,0,0,0,0,0,0,0,0,0,0,0,0,0,0,0,0,0,0,0,0,0,0,0,0,0,0,0,0,0,0,0,0,0,0,0,0,0,0,0,0,0,0,0,0,0,0,0,0,0,0,0,0,0,0,0,0,0,0,0,0,0,0,0,0,0,0,0,0,0,0,0,0,0,0,0,0,0,0,0,0,0,0,0,0,0,0,0,0,0,0,0,0,0,0,0,0,0,0,0,0,0,0,0,0,0,0,0,0,0,0,0,0,0,0,23.0769,19.2308,11.5385,0,0,0,0,0,0,0,0,0]","[]","[]","[]"
"2018-04-24T09:45:51.973-05:00","16181","1","127","0","[0.535859,0,0,0,0.729927,1.82482,1.82482,0,0,0,0,0,0,0,0,0,0,0,0,0,0,0,0,0,0,0,0,0,0,0,0,0,1.45985,3.64964,3.64964,0,0,0,0,0,0,3.28467,6.93431,7.29927,4.0146,0,0,0,0,0,0,0,0,0,0,0,0,0,0,0,0,0,0,0,0,0,0,0,0,0,0,0,0,0,0,0,0,0,0,0,0,0,0,0,0,0,0,0,0,0,0,0,0,0,0,0,0,0,0,0,0,0,0,0,0,0,0,0,0,0,0,0,0,0.729927,3.64964,5.47445,5.47445,4.37956,3.64964,2.91971,1.09489,1.09489,1.09489,0,0,1.09489,2.18978]","[0.152625,0,0,0,0,0,0,0,0,0,0,0,0,0,0,0,0,0,0,0,0,0,0,0,0,0,0,0,0,0,0,0,0,0,0,0,0,0,0,0,0,0,0,0,0,0,0,0,0,0,0,0,0,0,0,0,0,0,0,0,0,0,0,0,0,0,0,0,0,0,0,0,0,0,0,0,0,0,0,0,0,0,0,0,0,0,0,0,0,0,0,0,0,0,0,0,0,0,0,0,0,0,0,0,0,0,0,0,0,0,0,0,0,0,0,3.84615,7.69231,7.69231,0,0,0,0,0,0,0,0,0]","[]","[]","[]"
"2018-04-24T09:45:52.971-05:00","16198","1","127","0","[0.532963,0,0,0,0.729927,2.55474,1.82482,0,0,0,0,0,0,0,0,0,0,0,0,0,0,0,0,0,0,0,0,0,0,0,0,0,1.45985,4.37956,3.64964,0,0,0,0,0,0,3.28467,6.56934,6.56934,4.0146,0,0,0,0,0,0,0,0,0,0,0,0,0,0,0,0,0,0,0,0,0,0,0,0,0,0,0,0,0,0,0,0,0,0,0,0,0,0,0,0,0,0,0,0,0,0,0,0,0,0,0,0,0,0,0,0,0,0,0,0,0,0,0,0,0,0,0,0,0.729927,3.64964,5.47445,5.10949,4.0146,3.64964,2.91971,1.09489,1.09489,1.09489,0,0,1.09489,2.18978]","[0.1221,0,0,0,0,0,0,0,0,0,0,0,0,0,0,0,0,0,0,0,0,0,0,0,0,0,0,0,0,0,0,0,0,0,0,0,0,0,0,0,0,0,0,0,0,0,0,0,0,0,0,0,0,0,0,0,0,0,0,0,0,0,0,0,0,0,0,0,0,0,0,0,0,0,0,0,0,0,0,0,0,0,0,0,0,0,0,0,0,0,0,0,0,0,0,0,0,0,0,0,0,0,0,0,0,0,0,0,0,0,0,0,0,0,0,11.5385,3.84615,0,0,0,0,0,0,0,0,0,0]","[]","[]","[]"
"2018-04-24T09:45:53.967-05:00","16215","1","127","0","[0.550342,0,0,0,1.09489,2.55474,2.18978,0,0,0,0,0,0,0,0,0,0,0,0,0,0,0,0,0,0,0,0,0,0,0,0,0,1.45985,4.37956,4.0146,0,0,0,0,0,0,2.55474,6.56934,6.20438,4.0146,0,0,0,0,0,0,0,0,0,0,0,0,0,0,0,0,0,0,0,0,0,0,0,0,0,0,0,0,0,0,0,0,0,0,0,0,0,0,0,0,0,0,0,0,0,0,0,0,0,0,0,0,0,0,0,0,0,0,0,0,0,0,0,0,0,0,0,0,1.09489,3.64964,5.83942,5.83942,4.0146,3.28467,3.28467,1.45985,1.09489,1.09489,0,0,1.09489,2.55474]","[0.3663,0,0,0,0,0,0,0,0,0,0,0,0,0,0,0,0,0,0,0,0,0,0,0,0,0,0,0,0,0,0,0,0,0,0,0,0,0,0,0,0,0,0,0,0,0,0,0,0,0,0,0,0,0,0,0,0,0,0,0,0,0,0,0,0,0,0,0,0,0,0,0,0,0,0,0,0,0,0,0,0,0,0,0,0,0,0,0,0,0,0,0,0,0,0,0,0,0,0,0,0,0,0,0,0,0,0,0,0,0,0,0,0,0,3.84615,19.2308,19.2308,3.84615,0,0,0,0,0,0,0,0,0]","[]","[]","[]"
"2018-04-24T09:45:54.964-05:00","16232","1","127","0","[0.52717,0,0,0,1.09489,2.55474,2.18978,0,0,0,0,0,0,0,0,0,0,0,0,0,0,0,0,0,0,0,0,0,0,0,0,0,1.45985,3.64964,2.91971,0,0,0,0,0,0,2.55474,5.83942,5.83942,4.0146,0,0,0,0,0,0,0,0,0,0,0,0,0,0,0,0,0,0,0,0,0,0,0,0,0,0,0,0,0,0,0,0,0,0,0,0,0,0,0,0,0,0,0,0,0,0,0,0,0,0,0,0,0,0,0,0,0,0,0,0,0,0,0,0,0,0,0,0,1.09489,4.37956,5.10949,5.10949,4.37956,3.64964,2.91971,1.45985,1.09489,1.09489,0,0,1.45985,2.55474]","[0.4884,0,0,0,0,0,0,0,0,0,0,0,0,0,0,0,0,0,0,0,0,0,0,0,0,0,0,0,0,0,0,0,0,0,0,0,0,0,0,0,0,0,0,0,0,0,0,0,0,0,0,0,0,0,0,0,0,0,0,0,0,0,0,0,0,0,0,0,0,0,0,0,0,0,0,0,0,0,0,0,0,0,0,0,0,0,0,0,0,0,0,0,0,0,0,0,0,0,0,0,0,0,0,0,0,0,0,0,0,0,0,0,0,0,7.69231,23.0769,19.2308,11.5385,0,0,0,0,0,0,0,0,0]","[]","[]","[]"
"2018-04-24T09:45:55.961-05:00","16249","1","127","0","[0.530066,0,0,0,1.09489,2.55474,1.45985,0,0,0,0,0,0,0,0,0,0,0,0,0,0,0,0,0,0,0,0,0,0,0,0,0,1.45985,3.64964,2.91971,0,0,0,0,0,0,2.55474,5.47445,5.10949,4.0146,0,0,0,0,0,0,0,0,0,0,0,0,0,0,0,0,0,0,0,0,0,0,0,0,0,0,0,0,0,0,0,0,0,0,0,0,0,0,0,0,0,0,0,0,0,0,0,0,0,0,0,0,0,0,0,0,0,0,0,0,0,0,0,0,0,0,0,0,1.09489,4.0146,4.74453,5.47445,4.37956,4.0146,3.64964,1.82482,1.45985,1.45985,0,0,1.82482,2.55474]","[0.396825,0,0,0,0,0,0,0,0,0,0,0,0,0,0,0,0,0,0,0,0,0,0,0,0,0,0,0,0,0,0,0,0,0,0,0,0,0,0,0,0,0,0,0,0,0,0,0,0,0,0,0,0,0,0,0,0,0,0,0,0,0,0,0,0,0,0,0,0,0,0,0,0,0,0,0,0,0,0,0,0,0,0,0,0,0,0,0,0,0,0,0,0,0,0,0,0,0,0,0,0,0,0,0,0,0,0,0,0,0,0,0,0,0,0,23.0769,15.3846,11.5385,0,0,0,0,0,0,0,0,0]","[]","[]","[]"
"2018-04-24T09:45:56.958-05:00","16266","1","127","0","[0.472135,0,0,0,0.364964,2.55474,1.82482,0,0,0,0,0,0,0,0,0,0,0,0,0,0,0,0,0,0,0,0,0,0,0,0,0,0,2.91971,1.45985,0,0,0,0,0,0,1.82482,4.37956,4.74453,4.0146,0,0,0,0,0,0,0,0,0,0,0,0,0,0,0,0,0,0,0,0,0,0,0,0,0,0,0,0,0,0,0,0,0,0,0,0,0,0,0,0,0,0,0,0,0,0,0,0,0,0,0,0,0,0,0,0,0,0,0,0,0,0,0,0,0,0,0,0,0.729927,3.64964,5.10949,5.47445,4.0146,3.64964,3.28467,1.45985,1.82482,1.82482,0,0,1.82482,2.55474]","[0.152625,0,0,0,0,0,0,0,0,0,0,0,0,0,0,0,0,0,0,0,0,0,0,0,0,0,0,0,0,0,0,0,0,0,0,0,0,0,0,0,0,0,0,0,0,0,0,0,0,0,0,0,0,0,0,0,0,0,0,0,0,0,0,0,0,0,0,0,0,0,0,0,0,0,0,0,0,0,0,0,0,0,0,0,0,0,0,0,0,0,0,0,0,0,0,0,0,0,0,0,0,0,0,0,0,0,0,0,0,0,0,0,0,0,0,3.84615,7.69231,7.69231,0,0,0,0,0,0,0,0,0]","[]","[]","[]"
"2018-04-24T09:45:57.954-05:00","16283","1","127","0","[0.402618,0,0,0,0,2.18978,0.729927,0,0,0,0,0,0,0,0,0,0,0,0,0,0,0,0,0,0,0,0,0,0,0,0,0,0,1.45985,0,0,0,0,0,0,0,1.09489,4.37956,4.0146,3.64964,0,0,0,0,0,0,0,0,0,0,0,0,0,0,0,0,0,0,0,0,0,0,0,0,0,0,0,0,0,0,0,0,0,0,0,0,0,0,0,0,0,0,0,0,0,0,0,0,0,0,0,0,0,0,0,0,0,0,0,0,0,0,0,0,0,0,0,0,1.09489,3.64964,4.37956,4.74453,3.64964,3.64964,3.28467,1.82482,1.45985,1.45985,0,0,1.45985,2.55474]","[0.213675,0,0,0,0,0,0,0,0,0,0,0,0,0,0,0,0,0,0,0,0,0,0,0,0,0,0,0,0,0,0,0,0,0,0,0,0,0,0,0,0,0,3.84615,3.84615,3.84615,0,0,0,0,0,0,0,0,0,0,0,0,0,0,0,0,0,0,0,0,0,0,0,0,0,0,0,0,0,0,0,0,0,0,0,0,0,0,0,0,0,0,0,0,0,0,0,0,0,0,0,0,0,0,0,0,0,0,0,0,0,0,0,0,0,0,0,0,0,0,11.5385,3.84615,0,0,0,0,0,0,0,0,0,0]","[]","[]","[]"
"2018-04-24T09:45:58.951-05:00","16300","1","127","0","[0.373653,0,0,0,0,2.55474,0,0,0,0,0,0,0,0,0,0,0,0,0,0,0,0,0,0,0,0,0,0,0,0,0,0,0,0,0,0,0,0,0,0,0,1.09489,3.64964,3.64964,2.55474,0,0,0,0,0,0,0,0,0,0,0,0,0,0,0,0,0,0,0,0,0,0,0,0,0,0,0,0,0,0,0,0,0,0,0,0,0,0,0,0,0,0,0,0,0,0,0,0,0,0,0,0,0,0,0,0,0,0,0,0,0,0,0,0,0,0,0,0,0.729927,3.64964,4.74453,4.74453,3.64964,3.64964,3.64964,1.45985,1.82482,1.45985,0,0,1.09489,2.91971]","[0.396825,0,0,0,0,0,0,0,0,0,0,0,0,0,0,0,0,0,0,0,0,0,0,0,0,0,0,0,0,0,0,0,0,0,0,0,0,0,0,0,0,0,0,0,0,0,0,0,0,0,0,0,0,0,0,0,0,0,0,0,0,0,0,0,0,0,0,0,0,0,0,0,0,0,0,0,0,0,0,0,0,0,0,0,0,0,0,0,0,0,0,0,0,0,0,0,0,0,0,0,0,0,0,0,0,0,0,0,0,0,0,0,0,0,0,23.0769,23.0769,3.84615,0,0,0,0,0,0,0,0,0]","[]","[]","[]"
"2018-04-24T09:45:59.948-05:00","16317","1","127","0","[0.324412,0,0,0,0,1.45985,0.729927,0,0,0,0,0,0,0,0,0,0,0,0,0,0,0,0,0,0,0,0,0,0,0,0,0,0,0,0,0,0,0,0,0,0,0.364964,1.45985,2.91971,0.729927,0,0,0,0,0,0,0,0,0,0,0,0,0,0,0,0,0,0,0,0,0,0,0,0,0,0,0,0,0,0,0,0,0,0,0,0,0,0,0,0,0,0,0,0,0,0,0,0,0,0,0,0,0,0,0,0,0,0,0,0,0,0,0,0,0,0,0,0,0.729927,4.37956,4.37956,4.37956,4.0146,3.64964,3.28467,1.45985,1.45985,1.45985,0,0,1.45985,2.55474]","[0.396825,0,0,0,0,0,0,0,0,0,0,0,0,0,0,0,0,0,0,0,0,0,0,0,0,0,0,0,0,0,0,0,0,0,0,0,0,0,0,0,0,0,0,0,0,0,0,0,0,0,0,0,0,0,0,0,0,0,0,0,0,0,0,0,0,0,0,0,0,0,0,0,0,0,0,0,0,0,0,0,0,0,0,0,0,0,0,0,0,0,0,0,0,0,0,0,0,0,0,0,0,0,0,0,0,0,0,0,0,0,0,0,0,0,3.84615,19.2308,19.2308,7.69231,0,0,0,0,0,0,0,0,0]","[]","[]","[]"
